WP_482267108.1	tr|J9UX73|J9UX73_STRMG	97.563	1354	33	0	1	1354	207	1560	0.0	2680	100
WP_482267108.1	tr|J9V0U4|J9V0U4_STRMG	95.796	1356	55	1	1	1354	207	1562	0.0	2633	100
WP_482267108.1	tr|A0A2D1CNN0|A0A2D1CNN0_STRMG	95.723	1356	56	1	1	1354	207	1562	0.0	2631	100
WP_482267108.1	tr|J9V515|J9V515_STRMG	95.649	1356	57	1	1	1354	207	1562	0.0	2630	100
WP_482267108.1	tr|A0A2D1CKS7|A0A2D1CKS7_STRMG	95.723	1356	56	1	1	1354	207	1562	0.0	2630	100
WP_482267108.1	tr|A0A2D1CNF3|A0A2D1CNF3_STRMG	96.503	1344	45	1	13	1354	219	1562	0.0	2627	99
WP_482267108.1	tr|J9V0S3|J9V0S3_STRMG	95.206	1356	63	1	1	1354	207	1562	0.0	2619	100
WP_482267108.1	tr|A0A2D1CKV9|A0A2D1CKV9_STRMG	95.280	1356	62	1	1	1354	207	1562	0.0	2619	100
WP_482267108.1	tr|A0A0A0RAL5|A0A0A0RAL5_STRMG	95.206	1356	63	1	1	1354	207	1562	0.0	2618	100
WP_482267108.1	tr|A0A2D1CKS9|A0A2D1CKS9_STRMG	95.133	1356	64	1	1	1354	207	1562	0.0	2618	100
WP_482267108.1	tr|J9V4Z4|J9V4Z4_STRMG	95.133	1356	64	1	1	1354	207	1562	0.0	2617	100
WP_482267108.1	tr|A0A2D1CKV8|A0A2D1CKV8_STRMG	95.133	1356	64	1	1	1354	207	1562	0.0	2617	100
WP_482267108.1	tr|J9UHA5|J9UHA5_STRMG	95.133	1356	64	1	1	1354	207	1562	0.0	2616	100
WP_482267108.1	tr|A0A2D1CKW3|A0A2D1CKW3_STRMG	95.206	1356	63	1	1	1354	207	1562	0.0	2616	100
WP_482267108.1	tr|A0A2D1CKS4|A0A2D1CKS4_STRMG	95.059	1356	65	1	1	1354	207	1562	0.0	2614	100
WP_482267108.1	tr|J9V0N8|J9V0N8_STRMG	95.059	1356	65	1	1	1354	207	1562	0.0	2614	100
WP_482267108.1	tr|A0A0A0R8H6|A0A0A0R8H6_STRMG	94.985	1356	66	1	1	1354	207	1562	0.0	2613	100
WP_482267108.1	tr|A0A0A0R8H3|A0A0A0R8H3_STRMG	94.985	1356	66	1	1	1354	207	1562	0.0	2612	100
WP_482267108.1	tr|A0A2D1CKU1|A0A2D1CKU1_STRMG	94.985	1356	66	1	1	1354	207	1562	0.0	2612	100
WP_482267108.1	tr|A0A2D1CKT8|A0A2D1CKT8_STRMG	94.838	1356	68	1	1	1354	207	1562	0.0	2608	100
WP_482267108.1	tr|A0A2D1CKU2|A0A2D1CKU2_STRMG	94.617	1356	71	1	1	1354	207	1562	0.0	2603	100
WP_482267108.1	tr|A0A2D1CNG3|A0A2D1CNG3_STRMG	94.838	1356	68	1	1	1354	207	1562	0.0	2417	100
WP_482267108.1	tr|A0A0A0RAT8|A0A0A0RAT8_STRMG	94.985	1356	66	1	1	1354	207	1562	0.0	2414	100
WP_482267108.1	tr|A0A2D1CKQ2|A0A2D1CKQ2_STRMG	93.240	1361	84	3	1	1354	207	1566	0.0	2387	100
WP_482267108.1	tr|A0A2D1CKQ1|A0A2D1CKQ1_STRMG	93.387	1361	82	3	1	1354	207	1566	0.0	2384	100
WP_482267108.1	tr|J9V761|J9V761_STRMG	93.387	1361	82	3	1	1354	207	1566	0.0	2383	100
WP_482267108.1	tr|A0A2D1CKQ9|A0A2D1CKQ9_STRMG	93.314	1361	83	3	1	1354	207	1566	0.0	2382	100
WP_482267108.1	tr|A0A2D1CNL1|A0A2D1CNL1_STRMG	93.461	1361	81	3	1	1354	207	1566	0.0	2382	100
WP_482267108.1	tr|A0A2D1CKR2|A0A2D1CKR2_STRMG	93.167	1361	85	3	1	1354	207	1566	0.0	2378	100
WP_482267108.1	tr|J9V2E6|J9V2E6_STRMG	92.652	1361	92	3	1	1354	207	1566	0.0	2376	100
WP_482267108.1	tr|J9V0T9|J9V0T9_STRMG	93.534	1361	80	3	1	1354	207	1566	0.0	2369	100
WP_482267108.1	tr|A0A2D1CKR3|A0A2D1CKR3_STRMG	93.387	1361	82	3	1	1354	207	1566	0.0	2366	100
WP_482267108.1	tr|A8R5D6|A8R5D6_STRMG	93.314	1361	83	3	1	1354	207	1566	0.0	2364	100
WP_482267108.1	tr|J9UHB3|J9UHB3_STRMG	93.240	1361	84	3	1	1354	207	1566	0.0	2362	100
WP_482267108.1	tr|J9V0R8|J9V0R8_STRMG	93.240	1361	84	3	1	1354	207	1566	0.0	2361	100
WP_482267108.1	tr|A0A0A0R881|A0A0A0R881_STRMG	93.167	1361	85	3	1	1354	207	1566	0.0	2360	100
WP_482267108.1	tr|A0A0A0RAL7|A0A0A0RAL7_STRMG	93.093	1361	86	3	1	1354	207	1566	0.0	2358	100
WP_482267108.1	tr|A0A0A0R5F5|A0A0A0R5F5_STRMG	93.093	1361	86	3	1	1354	207	1566	0.0	2358	100
WP_482267108.1	tr|A0A2D1CKT5|A0A2D1CKT5_STRMG	93.093	1361	86	3	1	1354	207	1566	0.0	2357	100
WP_482267108.1	tr|A0A0A0RAT9|A0A0A0RAT9_STRMG	93.093	1361	86	3	1	1354	207	1566	0.0	2357	100
WP_482267108.1	tr|J9V290|J9V290_STRMG	92.873	1361	89	3	1	1354	207	1566	0.0	2351	100
WP_482267108.1	tr|J9V282|J9V282_STRMG	92.799	1361	90	3	1	1354	207	1566	0.0	2350	100
WP_482267108.1	tr|J9UH75|J9UH75_STRMG	93.387	1361	82	3	1	1354	207	1566	0.0	2350	100
WP_482267108.1	tr|A0A0A0R886|A0A0A0R886_STRMG	92.799	1361	90	3	1	1354	207	1566	0.0	2350	100
WP_482267108.1	tr|A0A2D1CNJ7|A0A2D1CNJ7_STRMG	92.726	1361	91	3	1	1354	207	1566	0.0	2349	100
WP_482267108.1	tr|A0A2D1CKP4|A0A2D1CKP4_STRMG	93.314	1361	83	3	1	1354	207	1566	0.0	2347	100
WP_482267108.1	tr|A0A2D1CKB3|A0A2D1CKB3_STRMG	93.240	1361	84	3	1	1354	207	1566	0.0	2344	100
WP_482267108.1	tr|A0A2D1CKQ7|A0A2D1CKQ7_STRMG	92.506	1361	94	3	1	1354	207	1566	0.0	2343	100
WP_482267108.1	tr|A0A2D1CNE1|A0A2D1CNE1_STRMG	93.314	1361	83	3	1	1354	207	1566	0.0	2337	100
WP_482267108.1	tr|A0A0A0RAT7|A0A0A0RAT7_STRMG	91.159	1346	77	5	11	1354	168	1473	0.0	2333	99
WP_482267108.1	tr|A0A0A0R5F1|A0A0A0R5F1_STRMG	86.701	1361	107	6	1	1354	207	1500	0.0	2163	100
WP_482267108.1	tr|G5JVU2|G5JVU2_9STRE	84.251	1308	179	4	66	1354	272	1571	0.0	2113	95
WP_482267108.1	tr|A0ABD7NBU1|A0ABD7NBU1_9STRE	73.229	1412	280	9	26	1352	398	1796	0.0	1987	98
WP_482267108.1	tr|Q59HN9|Q59HN9_STRDO	72.598	1332	351	6	32	1354	239	1565	0.0	1940	98
WP_482267108.1	tr|A0A380JFD0|A0A380JFD0_STRDO	72.598	1332	351	6	32	1354	239	1565	0.0	1940	98
WP_482267108.1	tr|Q55308|Q55308_9STRE	72.297	1332	355	6	32	1354	240	1566	0.0	1933	98
WP_482267108.1	tr|A0ABV8D2H3|A0ABV8D2H3_9STRE	76.201	1332	314	3	25	1354	228	1558	0.0	1932	98
WP_482267108.1	tr|A0ABM6W625|A0ABM6W625_9STRE	72.297	1332	355	6	32	1354	240	1566	0.0	1921	98
WP_482267108.1	tr|Q53414|Q53414_9STRE	71.739	1334	359	6	32	1354	240	1566	0.0	1907	98
WP_482267108.1	tr|Q54183|Q54183_STRGN	71.207	1351	364	8	26	1354	219	1566	0.0	1867	98
WP_482267108.1	tr|Q54185|Q54185_STRGN	70.335	1345	380	7	26	1354	231	1572	0.0	1860	98
WP_482267108.1	tr|A0A3R8LRA8|A0A3R8LRA8_9STRE	71.856	1336	351	9	26	1354	231	1548	0.0	1842	98
WP_482267108.1	tr|A0A1L7LKM6|A0A1L7LKM6_9STRE	88.391	1094	119	3	1	1087	145	1237	0.0	1796	80
WP_482267108.1	sp|P21979|SPAA_STRDO	70.091	1324	340	9	32	1346	252	1528	0.0	1795	97
WP_482267108.1	tr|A0A1X1ILQ5|A0A1X1ILQ5_STROR	66.367	1335	422	9	26	1354	231	1544	0.0	1749	98
WP_482267108.1	tr|T1ZHQ3|T1ZHQ3_STRIT	74.781	1257	206	11	104	1350	152	1307	0.0	1740	92
WP_482267108.1	tr|R4WLP3|R4WLP3_STRMG	93.901	951	56	1	1	949	207	1157	0.0	1598	70
WP_482267108.1	tr|O05158|O05158_STRMG	93.796	951	57	1	1	949	207	1157	0.0	1595	70
WP_482267108.1	tr|G5JRZ2|G5JRZ2_STRCG	69.495	1108	320	7	261	1353	1	1105	0.0	1491	81
WP_482267108.1	tr|A0ABR7CS12|A0ABR7CS12_9STRE	96.184	760	29	0	20	779	226	985	0.0	1467	56
WP_482267108.1	tr|A3CKQ5|A3CKQ5_STRSV	55.572	1391	517	16	26	1354	155	1506	0.0	1406	98
WP_482267108.1	tr|Q54186|Q54186_STRGN	56.879	1352	477	20	26	1354	230	1498	0.0	1381	98
WP_482267108.1	sp|Q9LBG3|PAA_STRCG	58.933	1349	436	18	28	1354	401	1653	0.0	1380	98
WP_482267108.1	tr|G5JRZ6|G5JRZ6_STRCG	58.933	1349	436	18	28	1354	401	1653	0.0	1380	98
WP_482267108.1	tr|A0A934UDF5|A0A934UDF5_9STRE	42.711	1372	572	36	17	1353	184	1376	0.0	894	99
WP_482267108.1	tr|A0ABS5AVQ5|A0ABS5AVQ5_9STRE	47.314	875	357	10	4	810	134	972	0.0	678	60
WP_482267108.1	tr|G5JYH5|G5JYH5_9STRE	36.997	1119	532	31	29	1126	114	1080	0.0	568	81
WP_482267108.1	tr|A0A2X3W2F5|A0A2X3W2F5_9STRE	55.717	481	164	6	215	694	1	433	6.04e-141	456	37
WP_482267108.1	tr|A0A2X3W2F5|A0A2X3W2F5_9STRE	55.263	456	162	6	200	654	18	432	1.98e-131	431	37
WP_482267108.1	tr|A0ABT3E7F8|A0ABT3E7F8_STRAP	43.189	602	314	9	700	1281	674	1267	2.40e-135	448	43
WP_482267108.1	tr|A0A0A0DG05|A0A0A0DG05_9STRE	42.219	604	319	9	687	1281	639	1221	8.02e-134	442	44
WP_482267108.1	tr|A3CMH1|A3CMH1_STRSV	31.894	1019	503	17	26	931	353	1293	4.32e-130	434	67
WP_482267108.1	tr|A0A3Q9F304|A0A3Q9F304_9STRE	38.714	669	353	11	711	1354	632	1268	1.18e-127	426	48
WP_482267108.1	tr|A0ABM8CIK2|A0ABM8CIK2_9STRE	45.106	470	228	7	887	1354	869	1310	4.97e-110	377	35
WP_482267108.1	tr|A0A0H3MY34|A0A0H3MY34_STRS4	42.827	481	241	9	879	1354	1179	1630	1.79e-108	376	35
WP_482267108.1	tr|E0PE62|E0PE62_STREI	43.290	462	231	7	895	1354	1198	1630	1.65e-107	374	34
WP_482267108.1	tr|G5K723|G5K723_9STRE	42.620	481	242	9	879	1354	1179	1630	1.26e-106	371	35
WP_482267108.1	tr|A8D815|A8D815_STREQ	42.620	481	242	9	879	1354	1179	1630	1.26e-106	371	35
WP_482267108.1	tr|Q8DZ37|Q8DZ37_STRA5	42.620	481	242	9	879	1354	1179	1630	1.30e-106	371	35
WP_482267108.1	tr|G7ZTU9|G7ZTU9_STRSU	42.675	471	238	8	887	1354	1186	1627	1.73e-106	370	35
WP_482267108.1	tr|A0ABS2PPS7|A0ABS2PPS7_9STRE	47.236	398	196	3	945	1340	1590	1975	2.01e-106	372	29
WP_482267108.1	tr|A0A0H3MV42|A0A0H3MV42_STRS4	42.620	481	242	9	879	1354	1179	1630	2.47e-106	370	35
WP_482267108.1	tr|A0AA47IL60|A0AA47IL60_STRMC	42.412	481	243	10	879	1354	1179	1630	3.52e-106	370	35
WP_482267108.1	tr|F5X6Z9|F5X6Z9_STRPX	43.290	462	231	8	895	1354	1198	1630	6.18e-106	369	34
WP_482267108.1	tr|A0ABU5FVL8|A0ABU5FVL8_9STRE	48.628	401	188	4	887	1285	870	1254	8.05e-106	365	29
WP_482267108.1	tr|A0AA96VKR6|A0AA96VKR6_9STRE	42.857	462	233	7	895	1354	1198	1630	8.26e-106	369	34
WP_482267108.1	tr|A0ABS3GCE1|A0ABS3GCE1_9STRE	47.487	398	194	4	895	1291	1199	1582	5.53e-104	363	29
WP_482267108.1	tr|A0A412PQT7|A0A412PQT7_STRAP	47.487	398	194	4	895	1291	1199	1582	5.53e-104	363	29
WP_482267108.1	tr|A0ABU1B4P7|A0ABU1B4P7_9STRE	44.769	411	211	4	945	1354	1197	1592	5.79e-104	363	30
WP_482267108.1	tr|A0ACG5AQR5|A0ACG5AQR5_9STRE	42.204	481	244	10	879	1354	1179	1630	1.74e-103	362	35
WP_482267108.1	tr|A0A5C5SEX1|A0A5C5SEX1_9STRE	51.198	334	162	1	945	1278	1060	1392	1.40e-102	357	25
WP_482267108.1	tr|A0ABV8CXM1|A0ABV8CXM1_9STRE	50.898	334	163	1	945	1278	1237	1569	1.11e-101	356	25
WP_482267108.1	tr|A0ABR7CU55|A0ABR7CU55_9STRE	47.656	384	186	3	895	1278	1199	1567	2.56e-101	355	28
WP_482267108.1	tr|A0ABD7NCT6|A0ABD7NCT6_9STRE	47.532	385	187	3	895	1279	1199	1568	3.57e-101	355	28
